arrival_rate,service_time,num_counters,sim_time,avg_wait
5.525067684816477,7.764379702214896,2,435,203.2855735224101
9.361785925223876,8.422465269143196,1,444,215.61749944279367
8.250681313564618,14.449178361493662,1,318,150.63254108741495
4.700227849835237,6.221364851278939,5,354,142.393905242217
5.850366637515297,2.0508203270420484,4,316,103.25287885858964
7.822479249801567,9.289553122912935,5,341,155.72107296626908
4.647893919618952,10.259526229377373,3,204,92.03106616949024
9.2480819359041,3.7971112578860255,1,348,168.43078634379953
4.370210916186148,2.035317422302469,2,328,126.3610793068226
3.250618046480928,8.090811224003861,3,451,200.09854570195043
2.9830200657806376,2.4242465561918065,1,343,146.8175084931464
7.343839771836812,9.212661898860802,2,365,174.8569973077217
3.2286917162060105,11.723367786100345,4,446,194.60551536323192
7.969036364474548,8.793387263898463,5,267,122.59954038278417
3.4115350293988054,5.403437099347631,2,212,93.80648944963248
1.2530901657928049,5.7532557554738,1,303,130.85550988716557
3.5465166745138097,6.6623790951127155,5,487,197.83606303211278
6.820526549129372,11.949420896758546,1,250,118.36543501173186
2.6212618287598053,10.302578826408773,4,208,87.21163426634124
4.913224760107667,8.563382510468873,5,321,138.7023532823395
1.558224350937651,3.5525848673330147,1,489,201.8852417340417
4.817337443016854,11.236706364567006,4,242,107.51114061026865
1.6573381408662837,5.032598656637704,3,451,143.22094301996222
1.0087875237966584,13.217033586584328,2,478,200.914564085454
1.0475159765777182,4.315976003375611,5,431,2.1551864153212033
8.247816514827848,6.336225504882291,3,396,183.91902000725554
6.400671568625137,13.93655909130121,2,340,163.6829197370727
7.466742617883122,6.243987801414323,4,408,183.2266041297113
3.6338824340521447,2.6883220048315333,3,419,144.0728975335469
2.4408564790849123,7.276421308739626,4,333,125.3745810390129
4.464942955146602,7.345585420198461,5,301,127.09294117592081
1.1570034301681997,11.111848035556932,1,295,130.59721019567093
7.377499666622095,3.78645340365237,4,469,199.65853028273403
9.466854909378485,6.06354879046477,4,319,146.97734235527574
6.1154701335819635,11.441477993834107,4,488,226.31679078989512
6.864016566606454,8.225865596338494,1,302,146.04457317279883
6.637010083667909,14.036996308985739,3,264,121.79779820826
8.294137897109533,12.542301308396775,2,437,208.27442427953937
1.1979691320656167,14.01665943697153,5,338,115.24827664142165
2.394199319860943,10.866433888865448,3,337,145.8195731194768
2.3248201134734625,5.288736345344599,3,431,160.0520351940962
2.802964918252793,13.419416151281055,5,247,102.50623415636912
9.91490968481733,3.3323765034309405,1,420,203.0253535479849
7.464154265496878,14.609913260741905,3,281,134.81342416164645
7.657290503753182,8.358787896916146,2,442,210.96067601479785
3.3808729316622372,11.778445916897555,3,467,211.3211277141367
1.5676432346113585,7.699367054720015,3,469,174.26882569724398
3.308176534405492,5.869578478130464,4,312,123.75532188748265
2.2555903682444303,8.44517825443053,5,241,88.96369891908168
6.182128938853386,12.528922490304513,5,479,222.57141342130618
8.147114044589935,12.95292393732425,2,210,101.87118352206838
5.227898426559688,11.790760344727314,3,242,112.0338460765425
8.47020011878913,10.017077013730653,5,405,188.00326132366575
8.29091041630517,9.523567660243438,5,299,138.31240544569613
5.051090636005694,11.018129371660235,2,392,185.2456600143485
4.922413316351906,5.114656229059496,4,318,134.51917530277876
9.00217081550396,5.171195094427317,3,234,110.15561411835782
4.911987811055092,13.606103891964363,4,436,200.5891814330433
7.021475878893249,8.879702736759219,2,229,107.02325439945061
5.318666436742991,6.154888434527135,1,362,172.28830604279423
4.0367384475592925,13.564318400949261,4,458,208.98628632890586
5.489181771793332,12.422201214880287,3,497,235.69810329018586
3.712988258031454,6.366397061581382,5,237,95.60295819273196
6.999461739395188,4.646560567858892,3,338,151.5111463140201
7.431280711104065,10.232182573494997,2,308,149.36140977162233
1.5292479953745683,2.9991593633783493,4,454,21.428004168185367
2.310915647042012,4.619252441696506,5,482,136.39586292839778
4.42602348804229,14.329760305467545,4,490,229.02354047778223
3.5333049158878342,3.9437813426197295,4,356,129.26837804627857
2.720050933798224,11.329287700386294,2,245,111.10486670985907
3.155116406614301,11.781175543195177,4,269,115.92804058306429
8.318746131600836,12.4862908596198,2,206,97.89956972653373
8.689125682177764,12.526655949616417,3,380,183.04875953402777
3.645015747709622,11.36275299099675,5,237,98.46133414106072
4.923127400551024,10.768555870854835,1,479,232.1068771116581
2.747894738716791,6.593511303519872,2,279,122.5018269687397
4.093156315865983,12.415141749054381,3,401,185.99639957186847
1.7248406484534224,2.118178086850502,5,407,0.2807069560737698
3.5856300956063114,12.296271430099429,3,416,188.4289376192771
4.584034550981778,13.595999650153686,3,409,195.01003053167923
2.644811680526753,8.876013654825979,1,287,137.0112802291837
3.7029355587479205,4.7776070570549525,3,275,112.7782938739739
6.078041917617694,8.179554422936341,4,473,214.93387238402036
1.2008963318242172,8.430037875507017,1,470,206.70492064106529
6.402741312566053,7.250543767904753,2,287,132.6452807714834
1.6085316750924725,4.460237978137455,1,444,192.37971142105394
1.7586515936606864,14.649650123390186,3,480,212.87797918779322
9.780748001733473,14.049987593761285,2,220,103.84677068105565
6.471816103927816,14.325109231580713,5,447,209.59384847793157
1.879413276246364,12.648147582751378,5,404,157.04350325034136
9.31933301179833,4.110362554188827,5,215,91.99678951366741
3.621526428738256,12.964148768359973,4,246,107.79484801164604
6.135526186164122,7.739616760040396,3,249,116.73674258049209
9.191559776036973,4.866001665888775,3,349,161.32812674404317
3.7137210738189363,13.155550870067536,3,457,211.20422601813686
7.854240565633788,13.402934202272027,4,326,155.01248305483162
6.927428510544407,5.521886593004786,4,232,99.49284359757277
7.0850856629488,11.68521500828062,4,247,116.60117921843353
1.6700760894488615,6.919635696227527,1,305,140.16743320516736
5.165075419424359,11.135959218118506,5,210,90.96281853348118
3.8875641998203907,7.833138926889505,4,205,86.86796247682304
6.880939625186016,11.562821701230863,3,416,193.55348517861296
7.877110073354586,13.646658423775762,5,202,90.85794606455853
8.253012918706704,8.494439721947538,2,222,107.14422261999147
4.226880651995186,12.821027712682131,4,382,173.0794039774646
8.758585707499916,11.745963262817884,3,463,221.92231028115276
8.21893650104945,11.831947620791453,1,401,193.34002351161828
7.721274290145806,11.958568606491092,5,271,124.81669428426983
5.940495233921438,3.174673045574161,1,358,168.22239730475866
3.9806234479012756,9.661617083182517,4,451,200.87197582972894
9.977707609433223,7.01752179539462,3,248,116.71789100343267
8.109983635067103,7.069196152360483,1,455,222.03817354972634
9.28648339754407,3.451340095295162,1,226,108.70232578666202
1.8058050065825997,7.559864259901266,5,414,133.05188510826102
3.6834837346087173,4.006837639506463,1,247,115.27749950095196
6.1266374365029685,2.2462626677609343,4,444,158.71714608924776
2.250953856069913,14.353137244255548,3,327,143.95812642516609
1.1457635032180944,11.408517843287159,2,255,106.13888951773262
9.133842411146123,5.5152432335741635,1,265,129.70311581448607
9.903687334369543,9.014703865048078,5,324,147.91385020046496
5.7295889137611615,10.343986524893902,2,496,236.01477766728317
5.3251197469414,6.611351773013246,3,398,182.44096569500545
9.987647572014845,10.179741936782415,1,421,207.00898217712
6.821938747515864,12.05165955554392,5,287,129.7512331162847
3.736752619967982,13.914691026094534,2,327,154.42270743162075
5.294855446900604,9.20001948979834,2,234,108.16144424751286
5.626004023582432,4.671054329594883,1,206,98.28786975966182
9.453573056097127,5.432231527892178,3,213,101.2482231232303
2.9860692632314874,13.299604949123967,5,231,95.68779853991944
1.9438590769457442,4.796671638199828,2,467,182.5037953127094
3.725391546184721,13.923313465940662,5,284,125.67452717156173
4.950436959582831,7.763661983459165,3,331,148.80077609912234
1.4366289279996163,3.962988386270086,1,499,202.7095143204227
9.421538502213487,8.780874693276662,2,255,123.88305812194818
9.294545907680668,7.497090121102326,5,497,228.96916227229917
9.563117180029545,4.572228323818053,1,259,125.12846343367423
1.6526139122406942,7.3673744163940365,1,455,207.37216914483358
7.076164431417105,6.910813440567585,2,451,215.61743737090436
6.354951001039897,3.0038946796629586,2,464,205.72416527357277
4.076287517231876,5.125468741498478,3,223,93.7984505555819
8.795236688163424,6.910160694590973,5,482,220.68749629779364
8.627624298521072,5.424786239679225,3,263,121.40245773250501
2.5134830124846257,9.596568439251577,1,369,176.34980808275182
6.195908793528304,5.431937734642062,1,367,177.18388684040133
9.297263452909633,12.401547077527345,2,356,170.66441244947674
2.740873416852618,9.669414648084505,1,453,211.9133986799548
1.1242700266945134,14.872817482797752,5,216,67.95267747992132
9.486241590514833,14.425287311757861,5,452,215.49717982721867
3.9351468319404903,13.99275549923932,1,224,103.47242090342039
4.808818373838143,7.052402591840355,2,487,231.45599862659216
7.688115055124778,4.412222850264207,2,307,142.14763203259466
9.155573863431128,2.967101616221936,4,222,94.75738259479702
1.3142834209307463,6.4182258108075105,1,403,172.83218983050546
1.6319716930704242,11.356532521722265,3,231,96.57578333873205
4.28935059760636,6.131372454454173,4,489,205.87294396555498
8.405505714794696,9.000654601807906,4,375,173.6946039455023
6.521039794470442,11.67268699595948,1,209,98.18167182578956
4.996642127348635,11.244150344080262,4,315,144.75342677320518
4.754117109944367,13.335005784288999,3,293,132.76431769317284
2.0286495904018347,14.784307716717894,3,307,129.04425869578816
7.048096402068015,12.096727876043687,3,426,203.89819751982856
9.137992708197224,12.105895864952842,2,430,208.32190417505848
7.999680877234833,4.946676030765142,1,334,161.79277784254052
8.04442991727992,5.600211968113923,2,314,150.0270639474375
5.105468821662093,8.222817922210176,5,315,139.442309467532
9.867588324074518,12.538605726157197,5,467,224.19518867766558
7.812205889294994,4.864366549327267,1,322,156.59265022495043
6.3794574929973065,13.255400085485261,3,381,176.68051739058356
3.5247607491648307,3.0937186653251407,2,499,201.62841334208267
3.303116076050204,4.193972538948631,2,404,169.09909503840086
7.801645636257049,2.997096276243461,3,376,164.18541123049795
2.259452527026082,9.326731564772576,1,218,102.75067420926393
5.91185746459959,6.4030640219019705,5,311,134.26750042025884
8.717842940814148,2.5912548506195927,1,261,122.61173997006017
1.7435323430373781,5.259814343138716,1,310,132.76801795033492
9.727441106318764,9.05343715945838,4,404,188.70834174464147
5.847640635110814,12.204806055264825,2,343,164.94684442606487
4.8697439323295235,6.135184518982079,3,258,113.83956394376557
4.522376736368853,12.782779534006822,2,367,173.86046709143642
5.373629642709848,10.728579182230517,5,359,161.15801323825406
1.3689413432893498,6.417765457601725,5,242,54.779217932421176
1.6344343681859625,6.366830003258672,4,301,89.01282088925566
5.5905446416970435,6.137577400636645,2,254,116.5711299201886
8.042053086591624,10.32919668179846,4,263,123.27185994519101
1.5148555212393413,11.075838779538463,4,335,118.21930621233993
4.246282216770324,14.6432889319958,2,470,226.61721071360367
7.665772545677855,11.854102239530818,4,299,141.54270100662112
4.675725881202158,14.519395090270308,3,275,125.60675128600697
2.538525769452056,6.549950325915027,4,394,144.67815877203557
6.208360703813481,11.811963993231604,1,487,238.4728370277989
9.593129705643577,2.17735777087979,3,264,110.41547601456139
4.945525069649662,12.549415585464002,5,366,167.8513091710877
6.044401697431574,5.219563803511695,4,438,191.00819637840524
8.802277442966403,11.19948195542406,4,335,155.15875619685656
6.436803412243262,11.77580611850846,3,482,225.93699065806254
3.740018113494565,7.0808187664519835,3,337,147.81752330409876
8.742514729348562,6.951166016202354,4,340,154.81933706418508
7.471076112109991,13.804798712107843,4,339,159.1391613135799
8.24303482523488,6.998061575890632,3,477,224.14709185471443
9.548942400223263,7.62880394983852,5,286,131.8912362820191
7.424957609294687,12.23442485004668,2,436,210.0986668809392
8.729882507193409,2.72396370238685,1,312,149.43975741762225
1.143014970256432,12.35065824784458,1,223,98.83354485419919
3.5818536658569258,11.511522093540293,2,265,124.0201754130622
1.2436246216214408,12.84884145409281,1,436,196.12997846496592
6.211014436038026,6.3928024118290505,1,470,227.7111742064267
3.074079654956396,4.947662602601102,2,493,212.11325483201668
9.736354193966829,3.604659549222658,3,227,101.62210136767213
3.9497736995923853,8.515167007016938,3,208,92.9456211558878
2.6180213059296786,9.642724184400004,2,400,181.64185414078264
6.563245647252331,12.854497242872037,5,210,96.22644168847889
6.416519492161144,4.726932190389036,4,235,100.69055540819785
5.5112673647591555,10.141732927589148,5,321,143.40577335484448
3.132702189474973,10.274938588450237,3,279,123.28085522769511
7.675143645658857,4.389028813681254,5,297,124.4687733269392
1.6538777994163418,4.077264962369593,4,312,56.61934525821733
2.5257428974064213,5.629902388104713,2,411,175.47757802654948
2.1861122747181163,4.7114211274606745,5,469,119.68058579855926
8.961093089748456,3.8697226933715214,4,469,206.8035882144381
7.683766722683224,3.0817923767867414,3,240,100.7870372201286
4.35634774187692,2.5155820722626214,1,428,196.27123769189578
3.2029396295018095,9.66204311322471,3,451,201.5834670689318
4.473619601809334,10.780021864470061,4,490,221.86664042432648
7.305160470541108,10.631699154246547,1,412,199.70320087157398
3.4452168303653683,4.859215773297034,1,321,147.84383908227926
2.0796152324013586,14.826124071977084,5,442,180.22071514595913
4.628219712860792,11.196838809078015,3,438,204.7339916195391
4.150193661650634,7.98698903925247,4,478,207.10613981071063
9.978928717313362,2.960622011289163,1,434,207.82514982514158
6.753330121732911,11.6103668739043,1,458,222.66876083602466
2.2675543856379803,4.80818442071861,4,358,116.86371078801254
4.791631937452095,6.9983366403472,1,258,121.89121868406161
3.614081220339658,13.86099801311478,2,453,213.4478281509715
4.290355912666718,11.227189933641613,4,377,170.41719169209367
3.010929233422347,8.014410487213212,3,379,167.15640528132738
6.040653404422943,14.18091492636156,3,249,115.5999427522458
8.178632204955804,4.563407267296863,4,446,196.75991722711365
3.39612467056355,2.82843478152469,1,236,102.15445531268105
8.325201127696317,3.3717550322050434,5,469,190.06361168816676
9.7146917553968,14.434187540599384,3,470,226.12201508076083
2.2239295318051546,8.222029107589789,1,475,223.6428855079259
1.7093995283703258,10.638469007235056,4,402,156.23896226811956
1.3913719047173738,2.8111750080566167,1,476,175.3570591675364
3.96033115848899,2.7747400647291083,5,330,84.65902909864072
2.898434712152296,11.861788310195838,4,354,152.00697634562067
8.162576223660098,5.199270438166325,1,449,218.9220283282222
5.665600878099637,14.647155124231013,1,340,166.80994621242644
7.7401068018546955,5.299367126543229,1,469,228.43987499910875
7.899792653831075,11.23604416581768,5,476,221.23162256502695
7.527186308416407,3.4335217219501066,5,208,83.55930969083201
7.104851863010064,11.378075976144972,4,309,146.828725211286
5.237388324655043,2.6666216868139294,4,201,72.4786578717679
5.245445838195794,14.615371354642155,3,358,168.2768439059347
2.6089495980561868,13.294491716081827,1,476,225.25035673736252
2.5147281754194326,8.520127594197787,5,335,128.3082242572906
7.79253633194819,10.48839365297786,4,403,189.45060213733976
6.773406224907952,10.634965729791904,5,241,108.30622020438318
3.596761430787718,12.63523251463259,1,394,193.01960086163257
5.393755872354556,12.18570390906204,2,306,147.31370539490806
8.149519113724981,2.9273040492029416,3,374,160.57977208840722
6.776192345210765,2.0480594968437185,4,252,87.35825412427114
6.839608689800539,14.119004814841563,3,268,123.42209419048514
5.373790237047664,13.626186144098726,3,258,117.78645930597868
4.4279885355522115,3.473044778304374,2,391,170.8154293095114
2.8402631493184924,2.333263266497774,3,276,78.41203052477756
3.855391342885569,9.477768750263536,4,275,120.10744808821538
1.283350349552332,10.063555030649665,4,307,104.26688843200903
2.4645782744004814,6.29087969859832,4,487,184.58810110831038
5.776895140279373,14.824512579486159,3,249,114.98002269426394
7.219166620064363,3.079550880701209,2,418,188.28073014239956
7.869490086852117,7.248658208360272,4,349,162.9649706783888
4.239411640225326,8.26739316552585,3,340,156.09133525391178
7.455076109614533,12.669774932542687,5,401,185.7063113407577
1.8929505638932778,11.613545471848225,5,258,101.59493740394568
1.796027207653514,10.233576516701538,4,491,191.27975900644353
3.0617163681591806,6.680968039440692,1,211,97.65379507962976
8.563360365471175,6.585070598712287,4,388,178.92740209670615
4.022614091195163,6.382680433710011,4,406,168.33309595823022
1.5713417581496447,4.739002778821839,5,390,52.51352042902816
3.2974738005307214,3.0642300850100996,3,326,110.76535646755266
8.530073585898318,9.694002890690069,5,230,105.12655256480392
6.340514317266457,5.403444046174775,5,481,203.27305044729363
1.827061942146961,13.113477320472178,2,213,100.37592811184119
6.311698477829365,2.5106366490459573,4,408,151.18710706890792
7.851373256400736,14.141156112925799,4,392,183.94507163590066
8.777011561740757,7.1125610681094775,3,269,125.40738406069278
2.9751212669804574,5.713462192514566,4,338,127.69700790577701
2.2528913263761843,14.645776873681692,1,419,199.53167033252063
4.808129667521622,11.602986803591309,5,259,115.53727630850054
1.3988039087607267,6.052250172799851,4,220,58.13593833676193
5.546226887362881,7.200905535237514,3,351,160.43015444307892
4.3822728978856755,9.435852891260282,1,405,194.2883449027468
7.073482249812911,9.312562563350905,2,274,130.0645209845388
8.391282956286068,4.807474034542595,2,440,209.3472873136151
4.783689667140116,7.460037505677751,2,406,189.69798139207956
1.5296345289617173,3.594145468040327,2,344,117.72442646107002
6.128329403787006,14.548827222726747,5,296,136.36904099943038
7.546506983630161,12.854090000706838,2,279,132.70502279307817
9.421101489074484,11.861625025567562,4,289,137.53048223235047
5.771042427414062,6.586902025516757,3,369,169.04070738381085
3.740914269101392,6.019534529887009,1,220,103.75813236171217
4.394161515057813,12.092159968366202,5,399,176.8410847963284
8.567340037758497,3.683637910002239,1,246,117.15328098549672
2.7239905514208145,13.329197741442165,4,206,88.63500600073274
2.9612109826042894,4.838997527469722,3,273,109.90084121675407
4.1692239554686985,5.217436014247743,1,261,122.20528192492898
4.2919141008819,8.12967485978487,5,495,207.71451931092236
4.178012724801339,2.13521867401722,1,324,143.29999366362702
6.323194212737681,5.228716221987314,4,468,204.8982629954119
4.300726742950415,12.12481191345833,3,494,229.72840113951406
1.7000294998595267,7.880614847092844,3,341,128.1546118972544
4.554737845097327,3.4500222859517478,1,499,231.88745388208
5.184376695764083,12.881551538683434,3,349,162.3546627890595
3.2085506913648216,14.178685701457917,2,425,198.12668358193253
5.935820290326868,7.010233381636671,4,221,100.33451964134336
4.647995004567942,10.264019153169556,3,434,200.62289604415852
2.455443341462932,14.978426868246874,2,435,200.83051948847742
7.194582940606717,6.2430320451148775,1,240,115.42468944517765
1.7709823584084443,11.883017361037705,5,236,83.86551629270727
4.170229641390099,7.424079073604382,1,457,216.88080560742858
2.103061263494632,9.64689166563739,5,285,105.53830712796221
8.99685297607072,12.014145509769957,3,304,145.7060287706079
2.029728518314907,4.061987259111095,3,484,147.438236401771
4.14225043288414,3.7226644357100196,1,430,203.17064507361235
9.455273201785305,8.735186520352812,2,317,152.63659837946005
7.030716258370674,2.1033122590731814,2,321,137.53347359396852
9.03975502516107,5.563295696452364,4,285,130.58393346636043
3.0186769214828613,5.372977144624841,3,380,154.59295164949836
4.299864804610695,12.551238879362597,4,339,151.23629368966488
9.09661050723132,4.682369246823674,2,209,98.52854381135397
7.409833783736874,6.537034262742044,3,470,215.0754856105954
1.0030075362953306,3.866633691088415,5,330,0.4287786149909756
7.683115773473289,13.530555294655453,3,444,210.53478472321186
6.301522897147095,6.490063159986678,2,452,210.6075402038802
8.06023616627169,4.556075032464783,3,478,216.41781560740773
1.9192018882399502,10.351533374856386,5,424,156.13324233744862
6.580538461106783,2.3399187127064613,2,417,184.48609797790525
4.60283064183673,5.7014361734438594,5,404,158.38033708236134
1.0349421234219083,6.631953621245981,1,406,177.24788508047874
6.987871068507536,6.412396929110777,3,251,116.64046681874099
2.631616602612606,5.708339974355461,2,282,123.36092044832716
7.901876315172238,6.994292777033758,1,411,199.51205081618005
3.8574348682309187,7.617541256963457,5,317,129.84328602704008
9.412198528638461,8.01538633382539,4,248,112.7006229848947
6.534719892075466,11.918925822461262,5,372,172.3270545717376
9.001725231523888,10.861296861501854,4,418,197.19521058645256
3.2987435436905947,4.07463690362197,4,300,100.41271226979865
5.597639252109469,11.900656379559823,5,282,126.79223418352208
5.140939078924048,5.807315359630868,1,298,143.4429320579655
1.0980044354189826,14.904918435073691,2,340,143.06114609976285
5.325382331005749,2.302000483320302,5,332,99.19315408103546
4.786001875581173,14.88963339920205,3,228,106.40642563923662
7.256022977441466,9.972376419563734,2,335,160.3245019497703
9.716276759813262,3.620268175422452,5,382,163.0171781150479
1.919162640591452,4.158102297554109,5,430,80.10752217474456
9.965562425171047,4.2448494713762015,1,436,211.55098935826658
6.596959730099893,2.5859453193842143,4,407,152.91809169390112
8.559545005800537,2.2619162812374607,1,343,162.06898252803535
3.6712760990123154,2.9352910815753264,4,421,130.81935521833128
2.4527601038050797,7.38806051575671,3,352,139.9544674879918
8.763516964369675,12.798952697730932,3,290,137.383214292026
9.690241686683269,8.588898650561708,1,207,102.05949658385627
5.779139340146492,10.746231335899326,5,362,162.2060606731324
7.84504716756741,12.03482059820867,2,237,112.30539494486364
2.553242441113712,13.402701179407929,5,240,93.53307369961814
2.330624718462082,2.123582215461531,2,242,77.06626082550365
1.4691261612258923,12.42514382878661,3,293,116.03490288834331
9.760979188511412,14.665183031132697,1,266,131.0492940754011
9.920120252913536,5.676721774001839,5,254,114.42948410772513
9.78968566107711,5.639243357548834,5,317,142.66199479631115
1.264589905841292,3.471764973320082,2,312,75.64985220438203
3.853817017467437,13.476776102789518,3,254,113.96532816572305
1.307571527453948,8.244858822619815,5,448,113.09144073449029
7.06828019158066,6.850523784315984,5,434,194.9475528976313
1.3692890357432967,8.875990266403083,3,293,111.69434836731644
2.2510414794904605,2.7329108591863553,5,333,23.05200329682184
1.8103009405381472,11.091254418905956,5,300,104.36373017925563
4.766139664744697,6.672883741980078,4,378,166.85489562075546
4.357038091834758,12.077369092129185,5,350,151.65289540483136
8.597941741709619,2.2592912113512167,2,407,184.55314482682297
8.178888436486435,5.824082597585756,2,430,202.07876789596065
4.592325094604286,4.418975823731208,1,453,213.46663592644205
4.88559535386718,3.648544403212152,2,372,164.3350342854998
6.313501612089128,10.375142316147397,4,454,210.83220638384662
5.016276498064361,12.684651806553417,4,497,228.6997355134412
9.900742025790455,11.531926985631301,2,274,130.42378558811086
3.9031996904457515,5.634982774002237,3,486,201.869473197074
4.400419188210726,2.1964357412338815,4,373,113.79817645434696
8.34276599814314,13.46827003422795,5,308,141.7655822292337
7.225786958762756,8.125613627559016,3,499,235.1703114148668
5.98017994609905,14.385270370046456,3,224,103.76096064660732
7.749745915707888,4.501393908990105,3,456,209.3653435337385
9.63164567585312,6.83731522442244,3,427,201.0255560656541
9.43002078536985,13.637315666921115,1,416,202.7025580900674
4.040667298375886,6.305632251430807,3,495,218.24107582349842
3.1439247299422215,2.872073726435571,5,229,49.75010683960429
8.962281440034959,14.94008510639219,1,303,148.32184462190912
1.9112900142876519,8.589857495604974,3,344,132.1426138031292
1.3899559420619132,13.60620972952472,3,311,121.10338542953502
3.350922405953423,13.361325342132721,5,250,108.45474614280332
1.7189538049453246,9.584994903675014,2,265,110.43000055043366
6.842217069796199,6.2967615611274255,3,239,108.11449210746682
4.3714087864818785,10.299526121414386,5,349,152.28104379361494
9.529041472515292,9.284346941847428,4,280,133.12197896386988
5.238211552487497,6.104234104773113,2,240,111.92216450657153
1.3539793802979672,6.05595162221894,4,288,71.55286012136604
3.3516088145159952,4.069082152828723,3,482,190.6098120755967
1.1533310063217384,6.61993949951288,5,456,76.01189976738692
2.040529685405267,4.625560559663004,1,470,206.88498955722338
3.5114821619612204,2.605173921148309,4,372,107.63929168270143
8.268069699839387,5.95262379344556,2,388,185.68203243017786
7.43195476634183,9.947937983793818,4,344,159.95231144139652
1.0059598893467134,13.10560462126265,5,212,60.99528598618945
9.305193927044522,2.832958289281456,1,426,205.60371930538585
6.729202650610404,9.897743327357329,4,489,229.0574016973236
9.548371949690864,13.220586209914986,5,355,165.30966521315509
1.1139764301503894,9.85341048066579,3,213,80.88607753687461
5.193775758141434,9.205325152126145,1,455,220.4569992926342
2.5254220702818024,4.795134825665017,2,382,160.91488315238527
3.440515827965026,7.075485911741733,5,316,127.69884004746149
4.324685915437928,2.2175574468506314,3,435,150.5905644905061
4.966591166689781,4.034589022531838,2,313,139.01140321053467
1.1290800652749167,8.09787240262139,1,325,142.03926947094558
1.9384527324781267,12.43461158927583,5,474,187.65337828586425
1.1783470539218888,13.358864002746595,1,314,144.10653751041187
6.12891039995135,6.573253844887015,4,366,161.87290412030106
7.006334211088827,6.3372114710924965,3,260,120.53700291321111
1.1886773445469827,12.317216085976744,3,414,157.29096037924327
6.78337743965766,7.398531333957666,3,313,146.22068040330342
9.81091010407325,14.020629841334117,5,442,208.85922001428554
9.472918318762536,3.365430522919536,5,399,166.70879844374804
2.0286918077511085,14.850183933668783,1,223,100.75636232701868
5.6973549845313185,14.972352561809565,5,300,142.00837528211562
5.969222678078088,13.486282784825091,3,421,202.04222227077284
6.551093091141661,13.200858401862469,1,421,201.62683130028566
5.619982533033774,13.513130613212656,2,305,144.96078587363013
1.0358605402166416,7.213398257164905,3,399,125.8627232768442
9.181285334038645,10.943755289816783,2,300,144.44079426097014
3.0850356679975635,13.789991959277298,2,396,185.08100611972242
1.2612314963028264,4.96949973755574,3,478,129.08467875454622
9.387640730623005,8.17143937037648,4,289,134.83466475954526
9.262937369744588,11.31578312461727,3,424,203.2145210846237
5.9642513572974165,4.716590162945984,3,454,200.32107945681832
5.547944354848657,3.80086590540145,3,295,124.69336158754997
2.8037677005541295,4.794929050224041,3,370,146.2887072755139
7.9826426442674805,13.081921602260481,3,400,190.06515341069397
9.115115399958981,7.036711581159717,3,425,199.55526241366192
2.667260361960615,12.853140016841984,1,487,229.0427469135531
9.944458324637408,6.203501515669052,2,394,188.4480721400431
1.0252118598914421,12.234963101936692,4,273,88.05484432645166
2.310560978645808,2.2691226645686,4,287,35.37124928014095
2.377804097961216,9.763543361129887,4,445,181.72900231383
3.7096612582497652,5.857342111268345,4,442,184.11205289496218
8.319708749548028,4.142488043111296,2,361,169.12572605418075
1.7616789947324758,3.5720549816487743,4,241,40.00231924881705
7.53516080330605,4.435001439732335,4,285,123.34598131783196
4.872587124819722,12.39733300547062,1,249,122.1758225048098
8.792219151114372,12.60714370869407,4,343,164.29365111573654
8.4683250196615,2.4082701714282764,3,257,108.81150752130092
2.5028862869720596,6.795025913501821,2,275,120.05835268734054
2.655771027546013,10.63886075546017,5,360,148.03413516468817
5.480924389169194,6.397167856655036,4,378,168.10549258855767
2.2085376320891075,10.705902769149528,5,258,100.88361865928472
4.279447479539738,14.757642942223184,4,229,103.41093781898098
5.206615411480298,5.680367419391091,5,396,164.56421630291487
3.577132550996531,7.170439776306244,4,327,134.92988005535537
7.052521584441555,3.9680418654417333,1,449,217.15294398912215
3.164817456781401,9.133372357278354,3,221,98.27697361898969
8.229307704171006,13.025138992664246,1,382,186.956721903548
4.4907433676805,9.833390956611186,1,251,120.13813086709554
1.9473787179306399,9.111579823267407,5,496,182.45561087172632
3.7820062430932055,13.873609415850417,4,391,180.73759103024076
3.955258310070164,5.946717815694824,2,301,136.66825532629028
9.763363487001635,5.730541101859945,1,469,229.12128496034046
9.63671611037208,11.78952369355352,5,325,151.35703788298235
4.795368589506836,13.967975012177346,2,343,162.50805666032372
6.047440606671621,10.14110877994096,1,255,124.56861740065158
3.4297479438022656,5.847498991704582,2,475,213.9450997354503
7.136097868190058,4.82815672387294,4,236,102.70547361503728
9.529879862765895,12.373839109209484,1,464,227.4800004452269
6.1067283902318374,13.242506444260504,5,347,162.1448503591823
6.536400604611527,5.901977574214545,5,408,176.0304487578317
2.4067671906044104,14.944290706885777,3,314,141.07835855812777
8.72455983922946,8.345602091363192,4,469,220.82605967493163
8.995814108269386,2.48144119192393,3,259,112.79885338384847
9.73873224206212,8.98023498151162,5,403,187.48758200103404
7.488748419943115,8.808085010330174,4,486,226.9296192090492
9.468798079879834,7.524038189775796,4,410,193.23317037803326
7.327439831743892,6.414462403865481,3,259,119.65322266297447
5.146269281249324,10.397629616083151,5,230,104.71076054212618
6.853846470169077,2.119237497499893,1,431,202.0224354513705
7.910935024917771,2.2756411801439596,4,379,150.234351003109
1.9861334291702284,10.387490767957448,2,363,156.93520673300154
7.41908448525231,12.974348923938928,4,334,156.55845020954905
7.458440742139452,5.1114500543047505,2,437,207.3308501593299
1.8466990685533964,6.514684412785765,4,252,86.10356314324518
4.666544752370776,4.1649440531856605,2,291,126.94907895559913
9.904671530753113,3.6798855595012325,4,355,157.54801523130016
5.288372125058097,8.096144248209562,4,474,213.9167332064933
7.000130609553512,10.116385981507392,5,279,125.53853560188418
8.352056765853778,11.951959932658369,3,495,238.23431008677883
6.113733226776506,2.3560169442206664,3,426,170.35090550243007
4.736110930607554,11.666355109539467,5,311,138.5371777295825
4.559731067977852,11.876048240270018,4,307,138.9891877252674
9.693547006628258,4.185879646142675,3,368,168.26990306873944
5.656091964667894,10.777663611781607,1,467,227.3926402275666
7.72043141901773,5.007454032598587,2,235,109.87751487600865
1.3003902653122825,6.464365785967934,4,311,78.05140346555167
1.9362715882757175,4.51382958408589,5,372,63.98561492621361
4.151387531458037,8.187869884967139,4,237,101.92274687228047
7.842536863882354,7.429573299015851,3,337,158.33301594265805
6.715224721312868,10.122132332019627,3,446,212.76760950984178
4.53825459316167,9.45206913751774,1,341,161.7323611884448
8.39174662978411,5.369394076874403,5,357,157.75417304716387
7.38269640269608,14.819745538992168,3,448,215.95280128870183
5.917033847371046,11.143558139831034,2,389,183.47894786149854
5.680460258729124,4.221701868832175,4,403,168.0524237974487
8.128978688032795,10.442526585804476,2,357,173.22071010557954
9.0462173886751,2.637173845039433,3,449,195.7786040829416
1.2481889076424109,4.833941808551023,3,427,99.59331281616598
7.543282060257719,10.01966723068677,1,311,152.03275549232836
3.8846712167530413,5.293531596865501,3,322,137.43381784480442
4.305830313992687,11.400047296154108,5,376,163.07710250472022
7.65965828087197,9.074043503336338,5,401,185.23868132479276
4.084790087576113,10.512084678409845,4,396,174.41777435018307
9.565364975323744,2.2020493636509126,3,379,163.20849773330826
8.933062562171,8.537521693581423,1,339,164.32031992373305
5.576591566223589,4.060105104563249,3,338,146.56280461971656
5.215547376675401,11.106131869883086,5,239,106.54793940835586
5.303757804733378,10.61781036259131,1,334,161.93483635417326
8.721481732372109,10.490923606507408,1,433,212.51251481325602
9.198580962141785,5.147830187190508,4,378,169.22768780450252
8.036426321146811,14.75260484338186,2,257,123.00654939065592
2.7459183023924325,9.25855076566257,2,429,196.04612524376319
4.9362944436916765,6.110415085156955,1,246,118.41436995891289
9.83430843905424,13.801218264420232,1,490,240.02327611363793
5.789145556839887,3.5378168918755026,3,463,194.49679247855835
6.910099588724442,3.785524935870202,4,402,169.05468312390903
9.925009388735981,4.606866852785017,4,224,100.5565635254495
1.0256654067776039,9.248846778348645,1,278,118.72798615248216
1.1049895575752555,4.711308966815972,4,331,33.20177481803863
3.4782590031604497,9.575221095614634,5,357,153.1292638397726
8.797789437774622,14.299047494037204,5,278,129.53634380627906
5.973956550482653,14.121598305709805,5,450,205.6201038855348
1.0672364585629923,12.772164171152774,5,345,103.38778043965259
4.830633824495321,2.3565648071211496,1,358,161.16405004556196
7.082404551018702,6.538904351649878,2,421,201.61425829428958
6.083267140522399,13.663254165525501,1,204,94.49458733800148
5.865345843644129,10.471136286276966,1,450,216.44741329336833
1.3785156780166645,9.703680521269828,3,369,133.65568505464793
3.2258617023277294,9.552058559143287,5,472,200.10038491618582
6.904455127067999,2.5046107326227567,5,375,134.73572098471877
7.8809952314447145,6.243119202667264,2,278,131.8680657444109
6.910805343699158,14.11420378878165,1,246,118.97267002882707
6.217246865237328,13.240102150313712,2,471,226.81235817173243
8.989942357472291,4.422125992857072,4,231,104.701365895549
4.175669700071127,13.515405366563424,5,353,162.2050895033032
7.212157057832931,6.55007745872314,1,227,108.83229202499551
1.3506033399386634,13.157327209170305,2,202,86.91746422089135
2.278074998481889,12.03904207780907,1,451,214.86272531063443
2.840679833728451,8.28850752910548,1,470,221.0841525342188
8.74064964249224,2.3726856876259297,2,472,213.65740937432386
9.264177968352143,6.4314213835340475,1,311,151.76001750338756
2.5396512507669744,9.6933375780863,1,264,126.75197016196974
3.0422266174091313,10.755158645279774,4,319,136.41051397819075
8.88709922900136,10.245657639071789,5,352,163.84950366446813
2.4162086052265916,6.621665816337419,5,289,101.53058797794303
8.696778284416009,12.583107810648086,1,296,142.92898780990888
1.5039127558167995,2.1667098664380084,2,210,35.010379236748086
4.825755422202395,7.017453138180551,1,345,167.0428913482454
6.675086136856274,7.325635800918954,3,471,221.06816000716785
1.0901868563430126,9.186990300666764,5,335,86.93184864826537
6.942522958415891,12.65257303392588,1,231,111.94771682338346
6.727766033006399,7.276402036224499,4,293,135.8672425475224
4.395807381239661,11.302909740058636,4,453,206.54761048102534
4.946037303245678,9.667189573284253,2,223,106.17144377751318
1.5796763618380578,11.757117286955573,5,451,169.4012237038024
3.8908656689673413,8.582675793299973,2,240,109.66554883097639
5.843168611253467,7.607350521109729,4,468,210.77521950805874
5.958755367582457,6.4747657026280185,4,354,157.03637373832734
4.58122180816043,10.917491131012083,3,313,143.51227231242729
3.38990624257743,11.067971130019705,4,379,167.0501155646592
2.1722695964202474,8.08913898766939,5,453,146.77419273667311
5.8967754945757935,7.8186695250402085,3,444,204.28660715568762
6.384528941466774,5.904733437140268,3,397,181.46144809976482
3.0065634697621233,5.181388474141956,4,333,121.85204418474126
6.560054794547921,8.046764328194252,2,275,130.7178174338637
7.2119420766479765,3.4507303501791977,3,341,149.09767288669494
8.755735228125287,5.274954684210446,4,225,101.77701110697649
6.954972333066646,12.746067352154247,5,295,138.729236218776
3.328932208327821,10.367641974323249,1,406,195.95464486173782
7.717356907647494,11.757960115707164,2,273,131.87541313169893
7.124406857020552,12.964606493224464,2,445,215.38068188422284
6.396632897851544,2.807054764746872,4,472,182.67269409017243
9.448575816032713,2.4398310838744934,4,312,130.0159940819494
9.76158891837589,10.617670698960195,1,380,184.21834613742567
8.307705536581732,2.0391301192304576,5,329,115.16163395247551
8.751916880738666,10.145977828533573,5,329,153.8579661600458
8.5824228439812,2.0087127842785826,3,485,198.5602369305162
8.209271060374583,6.1210396264853655,1,210,102.1666273193813
8.87428453087622,14.089687470799927,2,311,152.91760188789956
3.0042904279799245,2.9667276983448954,3,212,69.71878166813268
5.065035501573171,7.364049864329881,4,214,93.50868643315809
4.029805858891333,4.60468692759928,1,406,190.69590495215826
2.825772261318659,12.993098668091891,5,375,156.5767714053542
3.4664497855809855,6.961131287413,4,215,85.15224998031364
4.936737213094994,14.670168000642503,1,482,231.42984887238887
9.286092765075027,8.88241235646727,5,494,228.76670367408772
1.5108822661997694,5.926556042231267,3,413,133.5716210554909
5.153021089223989,13.987034200574193,5,258,116.07523908953469
2.6486115560584134,11.205556507887977,4,342,146.22594606143355
6.848626920667192,10.982395227174395,1,278,135.44360422162214
8.793656333758829,8.262899560150057,4,346,158.8520416547352
5.0326170999204445,9.85908160984329,5,270,120.01225644706112
7.1104340551720435,13.730698893713466,2,397,187.79984108428664
4.467960536681305,6.453074810915459,3,249,108.79500560265738
4.1296546965929295,5.4619317821250934,5,482,185.91998560530098
6.655107277844568,8.86596162858272,1,422,204.22678824315526
6.338185120470074,9.605566961429275,5,434,197.8885304733128
8.497544666957836,13.668532912859215,4,460,217.33954723564312
1.2271608946902641,13.037832442372885,5,492,172.07094326305364
7.0521149253793745,4.004261184425828,2,444,205.84074764129747
6.485485496198334,7.433351186892783,3,322,148.62165953373778
4.813353128857468,13.121595782242204,5,329,148.56879946993695
7.493868972959891,6.412462620008681,5,224,96.12484244332975
9.769117787194727,3.1797659332354713,1,315,152.16270598117902
9.300871034315717,13.890177300851478,1,334,165.47757313107235
3.2308392910027637,2.235575714540047,4,363,79.67428054167058
9.039516550683732,11.161407200189602,5,421,196.56014601233844
8.486006802756435,6.081180396517585,4,443,202.59212452266812
8.972710150557605,12.417194612397264,4,465,222.25111225198026
3.188218518395213,6.9990463778971925,2,364,161.7409302231363
7.3952404879845135,14.057517342688659,2,400,191.85315934731616
4.98026784504578,3.0300978910182796,3,428,167.47154097217657
2.304126521450401,9.879035160335238,3,407,176.9876662829789
8.119678199423305,2.5059366143987125,3,312,132.9009359352951
6.911781071992679,11.285721332849315,5,214,94.24889166435803
9.875154003433499,9.406771543192047,2,395,188.78757893107917
9.149909659247417,9.5399808463543,5,315,143.58109471326523
7.848735891652612,8.368316125406457,4,243,113.02845841001397
9.192150654339256,8.493273709954376,2,346,165.6982321925282
6.71709383851297,7.342344873535586,5,452,201.52824014792392
5.331325060864456,14.46354475283337,4,469,219.25731728221965
2.6971615914190368,4.829507157569246,4,282,91.7655923633975
6.362865390540189,3.880227716278585,5,314,125.74464640015448
4.652168480586275,11.816693102281885,5,361,161.87329431852925
9.898331080177226,11.034548314410527,3,457,220.60180504592125
6.24066960095564,12.440357030271302,4,406,187.16302601241307
3.305641590524143,13.72451498468078,4,299,131.61117898004625
1.7552149869624976,11.668980835670512,2,341,153.5152046687273
5.926062870931256,2.6374150997194166,1,299,140.22658199778922
8.544572898229752,12.520645666710266,5,229,107.59609806175254
5.426388027105101,7.097950841314358,4,333,146.68456248705252
3.5117488609931233,13.275506851791338,5,486,212.78086458402296
9.831721297858879,8.683919567767953,5,426,195.7823227307672
6.039172384901342,5.728632176254319,3,347,156.1126908373987
7.8371205839666045,11.184668832543963,4,345,160.68989284791175
9.101589244368993,13.553174314276948,2,431,206.3419716576077
7.424759418813929,12.104168832909869,3,237,110.75459552524646
2.8649714167663847,4.061906717722335,4,244,74.03631855205708
8.193323187293867,12.796175141744303,4,278,129.95519568034788
6.720620421857923,5.48417196071734,3,236,106.48042607101509
6.052583249768853,5.321945603229139,3,384,173.68891091752334
2.407679293770238,12.8510149853377,2,428,200.0922370155297
5.851779761084497,6.81186012048828,2,252,114.953194985811
5.822961541565869,3.0716311017458082,1,390,183.2575524955458
5.547096332727811,8.795770457700275,1,309,150.33825879927224
6.02871181363763,14.13141002440407,3,479,225.68685177665014
4.6015846411661965,6.2087334626699535,3,436,193.42576114882306
6.288108485777652,11.266751794937838,1,245,117.02669072314984
3.353295781900203,5.8661815378510465,2,355,158.2347979894227
2.07428233895148,5.482117590257188,5,458,129.37816089904283
6.172521100363898,9.260284850818962,2,405,192.9058948009484
7.362535948416101,2.6237667697163793,2,451,202.61072848260412
4.068456054349065,9.248389371190228,5,481,204.8979954555198
1.0745068924763852,5.880670339429767,2,302,100.96554891389405
6.519398068091299,8.695792458357353,3,408,188.91589338497872
9.855426137507742,9.137836177068223,1,309,148.8128203907932
1.5205078445850342,9.539122852879787,5,495,168.46882203835796
1.150174893978603,10.677533322120553,3,295,108.40015201388425
4.144765983849132,2.311385899078873,2,282,110.10279960668278
3.3732355691721563,9.837960376989683,2,266,124.97920742706317
4.019819784159766,3.5354610269686075,5,265,87.6114060131033
8.862451373721916,8.064645394391233,5,476,221.65983268782534
3.4263713874639112,14.695002628054558,3,372,172.51864006352824
8.889549671372613,12.420275677565563,4,357,167.7886890982704
7.044545676258212,5.00051493654523,3,241,108.71891892385479
3.485751825180943,5.541726739292427,5,280,103.69481168347933
5.28685598206202,4.712919657591026,4,301,124.37867987672529
1.8972790672216533,8.766957485254101,4,408,158.99533304882192
9.757871435771756,14.619120377530813,3,204,93.29648536559232
5.586116778142743,3.4115934283828024,2,332,147.88754315536852
3.8755162558032845,7.091723013719986,5,361,148.09947864910686
7.441180225151484,3.672218463386459,4,351,149.65459884808956
6.130332038201399,10.857327855252066,1,490,241.58388640852579
1.1442195137183186,11.401214721138011,4,430,153.54953289430398
4.8522520479875935,8.046695716473934,1,334,158.69234688985162
7.975911232542332,8.048412361268428,4,496,230.90248928663797
9.532685287556019,7.917227980738312,5,317,147.29982409045076
8.640322864506025,11.865925341807843,2,423,203.55085413990113
2.3493198895626826,13.617209014055463,1,426,203.27285318821643
1.7405326912369865,4.1781605516281015,5,338,46.64732106954003
2.84836782512928,11.688177252350494,2,224,105.76932927483628
7.6516324694867714,11.567136864051768,5,350,162.07711007174746
1.16682770578231,6.520339572234982,5,470,84.78255554728351
5.593959639088069,9.154442903774022,3,403,186.53609349576047
6.746356256942432,9.935778866815223,1,287,136.85782370003756
2.9452354120772783,10.37362436287409,3,287,127.96012693787675
9.784640230871316,11.6861051544763,3,298,142.37523567547285
7.890337031928619,2.778404252054676,4,390,161.07394920333664
7.614292755958598,3.6345519004865023,5,464,189.64958464968382
6.273209774829454,7.780539770956895,5,292,129.93824801045125
3.7697294296250785,8.910762329680072,1,348,167.06628155898284
8.632520797530333,3.861683530126397,5,213,89.5105391519133
4.982198970751392,14.955452823567919,2,276,131.3176295175962
8.883915541229712,8.095033553812916,1,397,195.69553374459002
8.41797136395682,12.764405844223685,5,409,193.49521970654362
2.816287582942587,9.77721367034841,4,400,170.4110555085847
5.90755975283461,11.807667677918879,3,249,118.77821882043972
8.603071148993243,12.483370883467481,2,386,183.48338042802408
6.158718315297124,6.3907361553633155,4,370,163.15986073583622
7.322846762343037,8.302741212883792,5,479,216.95147611231738
7.860154371805928,9.782873370806634,3,368,175.31287725723186
5.020273943844928,12.141821625555538,3,471,219.43485613489554
1.8531809620279143,14.435330500040052,5,324,126.45763569188426
5.05683207482408,3.5575869030653866,5,292,104.53589767093713
7.442741417193223,13.472059554757315,5,443,205.05101161565915
4.34708134822981,7.483585997767064,5,367,150.55903497067695
5.501305866796457,13.37575759361016,2,314,150.35074861973922
1.505703451341806,12.565284578877735,4,222,84.89684670032952
2.149736435854953,14.585971481372146,1,363,168.29332243331876
6.560992327433887,6.373563158895449,1,480,232.21947795809024
7.950196138548388,4.748167489246437,5,378,162.0813708645346
9.887349227379664,10.182291242442206,5,202,91.33337686302261
2.131366091017871,6.361090028179002,3,262,99.60295777293388
3.4141476152968764,13.13393935705732,5,430,188.2069226449874
8.375244734068616,8.478081793891082,3,438,207.09525922609905
3.5045069511687212,13.153432597182075,2,472,223.38612726965678
8.146979542313716,4.451724606866868,2,213,99.70384412003942
1.565034848417513,2.9705321964705815,5,491,2.935521766556627
3.0301889832291984,2.5459393664382413,2,455,170.41221027077097
9.226514697187897,3.7826603982372586,5,337,140.672111951829
8.566041862000661,3.5518507228038865,4,374,160.84097741346494
5.488116564154445,3.821627980957917,4,204,81.6923139104656
2.6709596112321305,10.051151295443127,3,441,192.83303481545457
6.621152338216376,6.6186855253727295,3,373,172.94259231338498
3.2084040599148227,5.476820909335426,2,456,201.99976946800138
5.007083792781978,6.848301528657121,4,477,211.21750341723927
9.20275910760856,6.838422196052998,2,315,152.68783810478558
6.25148885891681,10.857017287036511,5,368,165.69926465124684
3.972560379394565,7.976558615700714,5,433,178.31255375409847
7.231280136722242,7.066060065387771,2,327,155.68699307380078
2.4585912156188607,11.24686819476331,4,385,162.892003942991
1.9573283283697736,10.66823781944656,1,243,111.61450637723111
9.647731785956223,8.670354490244346,5,409,189.00877991145217
6.631885972088754,12.655341593414104,1,454,219.6862509599752
3.7278596284219496,9.72391130407828,4,437,191.42085075213063
7.0894268981086155,12.537574977817098,2,459,220.0144969335153
9.024895219683996,10.73004081306843,2,444,215.48432089234188
9.793496851808365,14.088294641264536,5,484,230.03422291064462
6.349336685654569,3.005099295055217,5,308,113.66322866780278
6.6830848844423425,2.9779329122234532,4,335,131.75908373517564
9.4582654009314,10.34639624581644,2,262,126.4891885712039
8.276910913731893,11.14462299752139,2,303,147.41796664535553
3.699256994838462,13.595131638420755,4,342,157.97189273652813
6.433756185519598,11.32361888044366,3,424,201.26010739305778
3.9113675864963895,10.170339128032944,4,452,200.42488801593487
9.973720610579763,3.124205381497689,5,240,102.54074280598131
5.181303702358554,3.5004387459908233,2,271,120.06411889949462
2.7481177909636396,6.07952003744397,2,376,161.40574456382987
3.081714124665339,5.723391676456145,4,451,171.0243446855719
3.699028413781006,4.228534659497953,3,354,141.5435629008363
8.007649816062884,7.501646924781477,5,499,224.5776168223038
6.472246753862021,12.94235225550919,2,388,183.50038709741463
6.803961206246196,6.71232907419099,4,245,111.25119374009898
3.6040877468115937,12.640796871810991,3,452,205.49767803150738
2.1137373889882043,6.051309048746406,5,240,66.15480429878517
2.319585956437228,5.913079986387952,2,323,137.94574221145598
6.519751565344491,14.525953337103632,4,295,139.30056598610682
9.145205221306878,7.411652194347411,5,233,105.97860030911609
2.230194412771411,13.123144904786077,1,263,127.18441837841725
7.608012654209039,14.24681851003496,5,343,162.15797807678817
1.4544119024814885,4.639740325050489,1,204,75.69820828060392
4.468041771644023,13.74825030448459,1,225,108.66070693674907
5.5316548753964945,8.167509175543533,5,216,92.51438213778592
9.658976921285703,12.845665049260887,5,210,97.46976916325585
7.791202428409084,3.4622659822337587,1,363,172.34827482944968
9.574149767886253,6.687028783968403,1,374,181.4186966758398
3.5233542323513776,5.648650537859634,4,385,153.3739161205943
2.926547245609956,7.746711854802477,1,351,166.94301008684562
4.939226698283491,11.55032522255802,2,470,221.61306953204192
5.9438488544761725,2.5037123316220455,1,294,135.80345507033314
4.120098522202997,5.890508321447134,3,246,104.11705456525601
7.188097346519546,13.51423131080683,1,254,120.35206240184868
3.0783921489319623,9.543133432730944,5,451,185.83786052929423
6.397442767850828,14.804946410310528,4,428,199.20781096557965
8.151024705011743,5.802983020360854,2,332,157.8514416961058
1.540443630961227,4.323579179923319,2,428,140.58026115084843
4.029359594019147,13.198978329850942,4,430,193.3394305844079
9.36644304563291,5.664287089091152,1,202,97.46270447234336
2.0596220873054727,10.681203704924101,2,332,151.3389354362418
8.67351716579186,14.109458862735494,5,421,196.4344030236168
2.9512401970711495,9.556473242448615,1,337,160.57294459441667
7.335376622422246,10.333768880582506,2,229,111.5821106489284
7.608091372710984,13.619551528849774,4,413,196.08856326123677
2.9569362737428557,2.0849235505207524,5,335,26.312621247203136
6.7338811016394216,3.981561126943998,5,206,82.36763057756025
1.021657420930602,14.296038875553348,5,461,158.06070991236874
7.9500241629197586,8.488511411760445,4,422,194.69723235236393
7.455323613742358,7.411327578832228,2,389,187.61633629030362
9.352191068618552,13.432191615905854,5,421,199.50524973031608
8.329292533967656,6.655976841628897,5,221,97.4302733676216
5.982758707964185,14.670498011360777,1,404,195.53343016420428
8.982720660985326,4.513218888072052,1,274,131.94240502955375
8.756261165828171,14.695244263984916,1,303,145.46628007082148
3.294885510983204,6.2466184540443725,5,320,122.7868633941318
8.251864932432959,13.549683708862734,1,443,214.6707967145997
1.1470277675212361,7.023003114275328,5,401,77.80440376338704
8.089359752568061,13.301390628152369,1,487,237.15840907506362
2.9517803835079772,2.1865963091335114,2,399,139.36862369295866
6.757080450297741,4.70327671203712,2,435,200.4054922272966
9.848481274783394,2.1403611676132543,5,257,97.05121305929634
9.76317600943062,10.94715010396984,1,465,227.44939098477516
3.7453200849413317,14.729263444378205,2,486,227.92785497627267
5.057224696984197,13.031799732236209,3,434,204.66839448225232
1.2762127399262608,13.602366132485878,2,500,216.7711907911989
5.465393234705477,9.662865012101662,3,275,127.77800104902448
2.3095855875893934,11.238696820288553,3,388,169.7071705360822
1.8713611509675494,14.180683457356622,1,283,127.58298178263858
8.63583684846308,4.76873807892135,1,220,106.85452611549937
5.080938815358331,6.293032929898378,5,328,136.83425353317813
4.020777968784527,14.56912263517394,2,399,191.69319943024522
2.632756326969964,9.705858610288221,1,214,99.277977801873
7.814509897033016,5.786158006895723,3,221,103.85231518747494
2.348647359712947,7.140770103852522,2,290,124.17822958599145
1.0240245568931075,12.112407656298604,3,485,181.57295786497951
8.205121896921952,12.264238395985807,4,241,112.21560749353596
8.399248538504871,14.797897395551477,5,422,199.03005677534662
1.0790777104958291,12.756686032785419,2,387,161.5278411414489
5.723565849661249,8.646544425360783,1,324,157.5050814672032
1.8379080954304436,2.6710952723440897,2,497,151.95491883917586
7.455495814568675,13.407392599437918,1,375,179.82059920880445
8.021838051306194,13.624066031472825,4,278,131.47126995075445
8.035893726828448,2.6547014504042545,2,456,206.28890065160243
2.4360513150311385,10.082055136479282,2,306,141.1714585766914
8.776229603304703,3.7322392159196585,4,335,144.6601598912128
7.225780258467085,9.813793605392783,1,332,160.28301611118687
4.643176248318267,14.406685347264464,4,210,95.31199243735746
1.744562946937355,14.59422788596076,2,348,156.39986477541777
6.777623919190255,6.139900963670329,2,430,204.40528621208048
5.163826758304811,12.7283607764218,2,229,105.58900338580249
1.934572493077294,7.378167641114435,1,339,157.54949038468422
5.833587512796415,11.368781748434007,1,335,162.2753284250689
6.490076140101737,12.448776886621394,4,459,212.13095394468414
6.591362774472622,6.0499295576686825,3,290,131.66652596321316
6.714340319150684,14.92903827501585,1,225,110.68698169572733
1.6758155021044558,13.695331364238342,2,360,161.83302382110517
7.12826441662271,6.901574906062606,1,277,135.04487304205549
3.1229443293008177,7.753336183732247,2,476,218.23745628773128
4.462418134675997,3.536808154653608,3,491,198.5022809841745
6.8331750582020305,13.78658251251457,5,480,221.72941481137437
4.62254265709706,8.382107483887188,3,229,105.21350435909963
6.466401918065911,6.084029238636435,4,426,190.71895876419137
9.44028330167177,11.179985808638488,3,218,102.8613510857235
4.819522912249947,5.3932241991365615,4,322,135.31671856511997
4.173769113039475,4.746891410681595,5,383,142.7961024803302
6.142376857509087,7.144656512388494,5,301,130.13087827694216
7.350280430397179,10.645153024518354,5,256,117.785225091994
7.904423627510801,6.244955929821948,4,220,100.89303993552008
4.234843768898867,5.688645547513506,5,392,150.41679714040484
3.934641213670158,8.461256333185265,2,218,100.03795000322393
6.582763542646253,2.2898027552701907,5,209,66.57517675559856
7.900619444927168,6.092729412137907,1,462,223.70430249190198
5.976380583658149,2.43871692050873,2,232,99.04040390150166
1.8113864272856564,13.666022411191507,4,385,159.60833781290344
2.929595362612896,8.603004221011716,2,355,161.18127302372517
4.35656780214249,12.062136191161173,5,384,168.90054933488213
4.951517350643389,11.739424936212771,4,321,148.85516778607217
7.430360924254376,14.359958561401976,5,320,151.079155033818
3.7567905670402264,2.750902272423126,5,237,60.712442846284155
1.9095502026604048,9.0047548529074,4,444,169.45896136582408
7.0799102899756345,8.978703451140403,2,209,100.1005901656947
7.736818082429528,13.428236533168022,2,234,111.71825108233296
4.125250069399568,12.447558278767596,1,362,177.5074791292928
1.9951275386688596,7.7557837858042715,3,288,118.28153783049855
7.577746414017891,12.799241245724673,4,226,104.58441923787531
7.277682042831094,6.503378406927025,1,307,149.78495546850033
6.765540541275489,12.191062305303573,4,272,128.91690842362166
5.293248043451184,14.216651341785514,5,431,198.4083540579748
6.579325809564816,14.510302999322096,2,432,206.15468199133673
2.1638020027858986,11.939829577129188,5,336,131.50323143843798
4.800388791964496,2.5041497871902796,2,453,186.48351630327886
1.8501337234286024,14.437893936521375,4,204,78.37140305792109
3.8778292540098076,7.033730652890526,3,324,143.1531880674132
9.944218608518446,7.5355291888531415,5,307,141.0841093893311
5.882008827729091,2.207827900935619,2,402,169.5826074971748
1.6840863190581439,6.668781876921393,5,263,61.52848171974594
5.370162703072115,5.671536403817418,5,421,171.39861925005866
4.65147732204273,11.588032486967242,4,475,215.369844122891
1.5301706337516432,10.205233700022042,3,232,88.71611566231049
6.362767950764069,14.256863691373622,4,223,102.47698809866992
5.352027666792264,11.484818327764424,4,307,140.1491717403391
9.871918404378484,10.318767360791975,5,322,152.02940845421304
1.3861584269549236,2.2600471833366154,4,377,0.7729102120827526
2.645573376752172,13.294222713921625,5,241,98.80258100458119
5.910033301750071,11.589232066911155,3,383,178.29383461825694
2.89823132482663,13.804771676391653,5,456,194.01534517082516
6.96468742043705,12.485146367146077,4,444,207.79295811204435
5.424247795792855,7.067885188800634,2,288,132.54533599306936
2.482883200354631,7.698635236975601,4,462,174.5088946086218
4.570535776793077,8.382029719801544,3,363,165.93861449306175
7.481052875276566,7.925022575844034,5,494,224.70191648220404
7.0095629581399725,4.890334873804468,2,251,117.14487287975491
7.272592375141339,2.060961496643926,1,401,189.29068820080712
9.202229303796708,12.904093613325832,3,378,181.0581529909757
6.787303849477038,7.222811947144615,5,221,98.93356190320004
2.242048251724515,14.97461946453203,4,230,99.29999683873956
1.5083645251555202,9.25539363802665,4,270,96.79840043511795
5.614082930997743,7.086005785265437,2,366,171.26683869645467
4.728194453917171,3.6929611322482763,4,443,171.15325724608667
7.2788371236723926,13.822995788120046,3,245,114.68853256494687
1.914489509592734,3.8187046697209173,2,448,164.69910398157594
7.771322882001344,13.541905887772062,1,236,113.95826739227512
3.635706322171475,8.97874700015252,1,439,207.60015666523796
3.4446481861360523,12.31854891951616,2,253,117.95397172536336
2.201481936877643,2.8783345012015022,2,491,163.1767573262749
3.900846873949095,11.582801636449348,5,330,145.43181590588247
5.51746894886649,2.8581087101327345,2,351,152.80914181498505
9.158675221756477,3.1701627697357617,4,450,192.25486437285159
8.581791875446013,11.709681161349902,4,379,179.1025591203386
8.43272747815849,7.257701071772399,2,467,225.98775971794893
5.89784632596165,14.736215872914151,2,485,230.24087625287325
7.364335921040348,14.824581295960733,5,457,212.347223011427
6.4562461010366805,6.466454086733835,2,283,131.36387327014685
7.992331426774419,3.8425521694784877,5,419,172.59540852885476
8.725425004785913,12.846797648602434,5,229,104.94320875541128
3.827182555356302,13.202243448436299,5,436,185.64685347823385
9.932277359344072,4.546309145433495,4,218,96.41148427375305
4.117854171004118,9.436700121293297,3,347,155.22203013231044
2.060355098703769,14.949028552959089,4,386,158.31899065002432
6.194159464743924,10.108979571413307,5,345,159.54773916387376
8.013768876597666,5.536535010727494,3,349,160.60281387491878
2.7168551680104,11.440018654592036,2,243,110.73408823568715
9.241570145763143,2.1990556814936477,1,396,187.77664643917214
2.754638471823432,7.959205424543547,1,483,224.49874024984055
9.839850263842427,10.974672655682,2,350,166.23963544804016
3.857968870534335,5.841898207093446,5,449,172.87053908863828
9.453228233357864,9.29636100360252,3,445,211.92012013534597
5.9290839961504345,3.5339434418538396,1,293,139.06100097040627
3.1127276156737547,7.634164313728527,5,490,185.32989612371193
2.4220244850616197,14.229360817626016,1,461,219.2523132423978
8.608467110270091,6.559123161732395,3,298,138.67228381033385
7.248540169047574,10.589277331468377,2,412,195.16935078250006
4.519030987955787,7.554438018669423,1,319,154.1975928451716
1.079125940929651,8.883406577267694,3,291,92.17738601417828
4.203705805167166,5.317548160287036,1,233,109.27222129330761
4.883211589610056,8.488091337583194,2,480,226.56516112266613
2.6043609173883993,5.635520467396116,2,392,168.0161628102313
4.242327635100745,10.607072829815928,3,309,142.83211186723784
1.974438016073143,8.798825107958058,5,484,171.66190386529266
3.953904034224424,2.8897598669464193,4,435,146.42658899305331
1.7680845368713594,8.409320349036424,3,499,199.4317970560408
3.390463768652506,14.087782688443157,2,393,183.0544346883132
5.968049332527489,4.221607059717343,5,459,185.34555662172812
8.536185221534593,9.783827227711441,1,378,183.7756068148275
7.145801465528051,6.731117794188,4,324,148.5129430540873
8.333262451088945,9.631562935981586,3,488,231.9638868967208
8.944527958007797,12.78806665761643,1,442,215.7475289162069
9.440050881206917,6.083141674770921,5,217,96.93428370561236
5.457298492339271,4.3973182173211764,2,291,132.27868603516055
5.499198065053598,4.032515085715326,4,208,83.41628542758538
2.5423608494053846,6.31626166780425,3,220,83.59046967791333
4.075661399969837,9.131332661933126,2,427,198.7193790979069
6.170272371270893,12.92650192887312,1,484,236.17283076370572
3.432525052022638,12.562041964469179,4,255,112.83760016937374
9.545243502040297,8.38291678438934,3,494,233.29367746523027
4.633552128977796,13.174617669018748,5,215,96.19289894016022
9.64388781677062,6.4345696083829,3,446,210.8999254715165
3.0513976314780282,8.858726453944564,3,463,204.92772415996066
8.275284838601216,14.401042213240284,2,303,147.76668641740838
9.50123639661636,9.417240769527995,4,370,174.875273177138
3.279701740288736,13.374459154030765,3,222,100.51496371735512
7.7343634220362425,6.746900078800099,5,374,165.41525455941323
6.782405716868853,10.453047583604006,5,212,97.93195329191241
5.536132543562634,3.578892495971888,5,228,86.41868522166193
4.18420918023668,5.059967371824838,5,322,121.27844956997106
3.5370448337196394,7.373749618193649,1,266,127.9009229304108
1.8611347751493827,5.045376981350432,1,378,168.379509612557
9.228752044038442,13.478012635833876,4,276,130.25745055518962
5.801038722531027,3.99129286616117,2,493,223.69863024038446
9.011517450017713,5.930515953074624,4,308,139.2261308939374
3.0369759462074177,7.135118964979481,5,218,80.00004318307903
7.500687816869987,9.021056668862759,4,305,140.12670733393603
7.415199205555096,5.638930596031309,1,263,126.41128291273853
7.113129831388625,2.4392068815568537,1,429,198.92713841622052
6.828524724770478,11.504862999160558,1,220,108.19178900788066
1.5082940301037082,9.553955303040766,3,352,136.09837101063238
5.417896762040919,13.982780358511796,1,464,228.26035727104082
5.318883811793882,6.982479923028293,3,451,205.49050973314854
2.77032066427636,11.011622895609195,4,221,94.40169468826801
